-- =====================================================
-- RETAIL SALES ANALYTICS PROJECT
-- File 2: Sample Data
-- Run this AFTER 01_schema.sql
-- =====================================================

-- CUSTOMERS
INSERT INTO customers (customer_id, customer_name, city, state, signup_date) VALUES
(1, 'Rohan Sharma', 'Delhi', 'Delhi', '2023-01-15'),
(2, 'Priya Verma', 'Mumbai', 'Maharashtra', '2023-02-10'),
(3, 'Amit Singh', 'Dehradun', 'Uttarakhand', '2023-02-20'),
(4, 'Sneha Iyer', 'Bengaluru', 'Karnataka', '2023-03-05'),
(5, 'Vikram Rao', 'Hyderabad', 'Telangana', '2023-03-18'),
(6, 'Ananya Gupta', 'Pune', 'Maharashtra', '2023-04-01'),
(7, 'Karan Mehta', 'Ahmedabad', 'Gujarat', '2023-04-22'),
(8, 'Divya Nair', 'Chennai', 'Tamil Nadu', '2023-05-10'),
(9, 'Arjun Kapoor', 'Delhi', 'Delhi', '2023-05-30'),
(10, 'Neha Joshi', 'Jaipur', 'Rajasthan', '2023-06-12'),
(11, 'Rahul Chawla', 'Lucknow', 'Uttar Pradesh', '2023-06-25'),
(12, 'Pooja Reddy', 'Hyderabad', 'Telangana', '2023-07-08'),
(13, 'Manish Kumar', 'Patna', 'Bihar', '2023-07-19'),
(14, 'Kavita Menon', 'Kochi', 'Kerala', '2023-08-02'),
(15, 'Suresh Pillai', 'Bengaluru', 'Karnataka', '2023-08-15');

-- PRODUCTS
INSERT INTO products (product_id, product_name, category, price) VALUES
(101, 'Wireless Mouse', 'Electronics', 599.00),
(102, 'Bluetooth Headphones', 'Electronics', 1999.00),
(103, 'Laptop Stand', 'Electronics', 1299.00),
(104, 'Mechanical Keyboard', 'Electronics', 3499.00),
(105, 'Cotton T-Shirt', 'Apparel', 499.00),
(106, 'Denim Jeans', 'Apparel', 1499.00),
(107, 'Running Shoes', 'Footwear', 2599.00),
(108, 'Formal Shoes', 'Footwear', 2999.00),
(109, 'Yoga Mat', 'Fitness', 799.00),
(110, 'Dumbbell Set 10kg', 'Fitness', 2199.00),
(111, 'Non-stick Pan', 'Home & Kitchen', 899.00),
(112, 'Electric Kettle', 'Home & Kitchen', 1099.00),
(113, 'Novel - Fiction', 'Books', 349.00),
(114, 'Notebook Set', 'Stationery', 199.00),
(115, 'Desk Lamp', 'Home & Kitchen', 749.00);

-- ORDERS
INSERT INTO orders (order_id, customer_id, order_date, status) VALUES
(1001, 1, '2023-09-01', 'Completed'),
(1002, 2, '2023-09-02', 'Completed'),
(1003, 3, '2023-09-03', 'Completed'),
(1004, 4, '2023-09-05', 'Cancelled'),
(1005, 5, '2023-09-06', 'Completed'),
(1006, 1, '2023-09-10', 'Completed'),
(1007, 6, '2023-09-11', 'Completed'),
(1008, 7, '2023-09-12', 'Completed'),
(1009, 8, '2023-09-14', 'Completed'),
(1010, 9, '2023-09-15', 'Completed'),
(1011, 2, '2023-09-18', 'Completed'),
(1012, 10, '2023-09-20', 'Completed'),
(1013, 11, '2023-09-21', 'Cancelled'),
(1014, 12, '2023-09-22', 'Completed'),
(1015, 13, '2023-09-25', 'Completed'),
(1016, 3, '2023-10-01', 'Completed'),
(1017, 14, '2023-10-02', 'Completed'),
(1018, 15, '2023-10-03', 'Completed'),
(1019, 4, '2023-10-05', 'Completed'),
(1020, 5, '2023-10-06', 'Completed'),
(1021, 6, '2023-10-08', 'Completed'),
(1022, 7, '2023-10-10', 'Completed'),
(1023, 1, '2023-10-12', 'Completed'),
(1024, 8, '2023-10-14', 'Completed'),
(1025, 9, '2023-10-15', 'Cancelled'),
(1026, 10, '2023-10-18', 'Completed'),
(1027, 11, '2023-10-20', 'Completed'),
(1028, 12, '2023-10-22', 'Completed'),
(1029, 2, '2023-10-25', 'Completed'),
(1030, 13, '2023-10-28', 'Completed');

-- ORDER ITEMS
INSERT INTO order_items (order_item_id, order_id, product_id, quantity, unit_price) VALUES
(1, 1001, 101, 2, 599.00),
(2, 1001, 105, 1, 499.00),
(3, 1002, 102, 1, 1999.00),
(4, 1003, 107, 1, 2599.00),
(5, 1003, 109, 2, 799.00),
(6, 1004, 104, 1, 3499.00),
(7, 1005, 111, 1, 899.00),
(8, 1005, 112, 1, 1099.00),
(9, 1006, 106, 2, 1499.00),
(10, 1007, 113, 3, 349.00),
(11, 1007, 114, 5, 199.00),
(12, 1008, 108, 1, 2999.00),
(13, 1009, 102, 2, 1999.00),
(14, 1010, 103, 1, 1299.00),
(15, 1010, 104, 1, 3499.00),
(16, 1011, 105, 3, 499.00),
(17, 1011, 106, 1, 1499.00),
(18, 1012, 110, 1, 2199.00),
(19, 1013, 107, 1, 2599.00),
(20, 1014, 115, 2, 749.00),
(21, 1015, 101, 1, 599.00),
(22, 1015, 109, 1, 799.00),
(23, 1016, 102, 1, 1999.00),
(24, 1016, 103, 1, 1299.00),
(25, 1017, 111, 2, 899.00),
(26, 1018, 112, 1, 1099.00),
(27, 1018, 113, 2, 349.00),
(28, 1019, 106, 1, 1499.00),
(29, 1019, 107, 1, 2599.00),
(30, 1020, 108, 1, 2999.00),
(31, 1021, 104, 1, 3499.00),
(32, 1022, 105, 2, 499.00),
(33, 1022, 114, 3, 199.00),
(34, 1023, 101, 1, 599.00),
(35, 1023, 102, 1, 1999.00),
(36, 1024, 109, 1, 799.00),
(37, 1024, 110, 1, 2199.00),
(38, 1025, 103, 1, 1299.00),
(39, 1026, 111, 1, 899.00),
(40, 1026, 112, 1, 1099.00),
(41, 1027, 107, 2, 2599.00),
(42, 1028, 108, 1, 2999.00),
(43, 1029, 101, 3, 599.00),
(44, 1030, 106, 1, 1499.00),
(45, 1030, 113, 4, 349.00);
